Workbook

Sheet 📊 Dashboard
A1: 🎓 GCSE STUDY TRACKER — Target: 6 May 2026
A2: Start: 29 Mar 2026 | End: 6 May 2026 | Total study days: 38
A4: SUBJECT SUMMARY (auto-totals from your Study Log)
A5: Subject | B5: Total Hours | C5: Sessions | D5: Avg Confidence | E5: Last Studied | F5: Topics Covered | G5: % of 40 hrs target | H5: Status
A6: Maths | B6: =IFERROR(SUMIF('📝 Study Log'!$C:$C,A6,'📝 Study Log'!$E:$E),0) | C6: =IFERROR(COUNTIF('📝 Study Log'!$C:$C,A6),0) | D6: =IFERROR(AVERAGEIF('📝 Study Log'!$C:$C,A6,'📝 Study Log'!$G:$G),"—") | E6: =IFERROR(TEXT(MAXIFS('📝 Study Log'!$A:$A,'📝 Study Log'!$C:$C,A6),"dd mmm"),"—") | F6: =IFERROR(COUNTIFS('📝 Study Log'!$C:$C,A6,'📝 Study Log'!$D:$D,"<>"),0) | G6: =IFERROR(ROUND(B6/40*100,1)&"%","0%") | H6: =IF(B6>=40,"✅ Done",IF(B6>=20,"🔥 Good",IF(B6>=10,"📖 Going","⚠️ Start!")))
A7: English Literature | B7: =IFERROR(SUMIF('📝 Study Log'!$C:$C,A7,'📝 Study Log'!$E:$E),0) | C7: =IFERROR(COUNTIF('📝 Study Log'!$C:$C,A7),0) | D7: =IFERROR(AVERAGEIF('📝 Study Log'!$C:$C,A7,'📝 Study Log'!$G:$G),"—") | E7: =IFERROR(TEXT(MAXIFS('📝 Study Log'!$A:$A,'📝 Study Log'!$C:$C,A7),"dd mmm"),"—") | F7: =IFERROR(COUNTIFS('📝 Study Log'!$C:$C,A7,'📝 Study Log'!$D:$D,"<>"),0) | G7: =IFERROR(ROUND(B7/40*100,1)&"%","0%") | H7: =IF(B7>=40,"✅ Done",IF(B7>=20,"🔥 Good",IF(B7>=10,"📖 Going","⚠️ Start!")))
A8: English Language | B8: =IFERROR(SUMIF('📝 Study Log'!$C:$C,A8,'📝 Study Log'!$E:$E),0) | C8: =IFERROR(COUNTIF('📝 Study Log'!$C:$C,A8),0) | D8: =IFERROR(AVERAGEIF('📝 Study Log'!$C:$C,A8,'📝 Study Log'!$G:$G),"—") | E8: =IFERROR(TEXT(MAXIFS('📝 Study Log'!$A:$A,'📝 Study Log'!$C:$C,A8),"dd mmm"),"—") | F8: =IFERROR(COUNTIFS('📝 Study Log'!$C:$C,A8,'📝 Study Log'!$D:$D,"<>"),0) | G8: =IFERROR(ROUND(B8/40*100,1)&"%","0%") | H8: =IF(B8>=40,"✅ Done",IF(B8>=20,"🔥 Good",IF(B8>=10,"📖 Going","⚠️ Start!")))
A9: Physics | B9: =IFERROR(SUMIF('📝 Study Log'!$C:$C,A9,'📝 Study Log'!$E:$E),0) | C9: =IFERROR(COUNTIF('📝 Study Log'!$C:$C,A9),0) | D9: =IFERROR(AVERAGEIF('📝 Study Log'!$C:$C,A9,'📝 Study Log'!$G:$G),"—") | E9: =IFERROR(TEXT(MAXIFS('📝 Study Log'!$A:$A,'📝 Study Log'!$C:$C,A9),"dd mmm"),"—") | F9: =IFERROR(COUNTIFS('📝 Study Log'!$C:$C,A9,'📝 Study Log'!$D:$D,"<>"),0) | G9: =IFERROR(ROUND(B9/40*100,1)&"%","0%") | H9: =IF(B9>=40,"✅ Done",IF(B9>=20,"🔥 Good",IF(B9>=10,"📖 Going","⚠️ Start!")))
A10: Biology | B10: =IFERROR(SUMIF('📝 Study Log'!$C:$C,A10,'📝 Study Log'!$E:$E),0) | C10: =IFERROR(COUNTIF('📝 Study Log'!$C:$C,A10),0) | D10: =IFERROR(AVERAGEIF('📝 Study Log'!$C:$C,A10,'📝 Study Log'!$G:$G),"—") | E10: =IFERROR(TEXT(MAXIFS('📝 Study Log'!$A:$A,'📝 Study Log'!$C:$C,A10),"dd mmm"),"—") | F10: =IFERROR(COUNTIFS('📝 Study Log'!$C:$C,A10,'📝 Study Log'!$D:$D,"<>"),0) | G10: =IFERROR(ROUND(B10/40*100,1)&"%","0%") | H10: =IF(B10>=40,"✅ Done",IF(B10>=20,"🔥 Good",IF(B10>=10,"📖 Going","⚠️ Start!")))
A11: Chemistry | B11: =IFERROR(SUMIF('📝 Study Log'!$C:$C,A11,'📝 Study Log'!$E:$E),0) | C11: =IFERROR(COUNTIF('📝 Study Log'!$C:$C,A11),0) | D11: =IFERROR(AVERAGEIF('📝 Study Log'!$C:$C,A11,'📝 Study Log'!$G:$G),"—") | E11: =IFERROR(TEXT(MAXIFS('📝 Study Log'!$A:$A,'📝 Study Log'!$C:$C,A11),"dd mmm"),"—") | F11: =IFERROR(COUNTIFS('📝 Study Log'!$C:$C,A11,'📝 Study Log'!$D:$D,"<>"),0) | G11: =IFERROR(ROUND(B11/40*100,1)&"%","0%") | H11: =IF(B11>=40,"✅ Done",IF(B11>=20,"🔥 Good",IF(B11>=10,"📖 Going","⚠️ Start!")))
A12: RS | B12: =IFERROR(SUMIF('📝 Study Log'!$C:$C,A12,'📝 Study Log'!$E:$E),0) | C12: =IFERROR(COUNTIF('📝 Study Log'!$C:$C,A12),0) | D12: =IFERROR(AVERAGEIF('📝 Study Log'!$C:$C,A12,'📝 Study Log'!$G:$G),"—") | E12: =IFERROR(TEXT(MAXIFS('📝 Study Log'!$A:$A,'📝 Study Log'!$C:$C,A12),"dd mmm"),"—") | F12: =IFERROR(COUNTIFS('📝 Study Log'!$C:$C,A12,'📝 Study Log'!$D:$D,"<>"),0) | G12: =IFERROR(ROUND(B12/40*100,1)&"%","0%") | H12: =IF(B12>=40,"✅ Done",IF(B12>=20,"🔥 Good",IF(B12>=10,"📖 Going","⚠️ Start!")))
A13: History | B13: =IFERROR(SUMIF('📝 Study Log'!$C:$C,A13,'📝 Study Log'!$E:$E),0) | C13: =IFERROR(COUNTIF('📝 Study Log'!$C:$C,A13),0) | D13: =IFERROR(AVERAGEIF('📝 Study Log'!$C:$C,A13,'📝 Study Log'!$G:$G),"—") | E13: =IFERROR(TEXT(MAXIFS('📝 Study Log'!$A:$A,'📝 Study Log'!$C:$C,A13),"dd mmm"),"—") | F13: =IFERROR(COUNTIFS('📝 Study Log'!$C:$C,A13,'📝 Study Log'!$D:$D,"<>"),0) | G13: =IFERROR(ROUND(B13/40*100,1)&"%","0%") | H13: =IF(B13>=40,"✅ Done",IF(B13>=20,"🔥 Good",IF(B13>=10,"📖 Going","⚠️ Start!")))
A14: Latin | B14: =IFERROR(SUMIF('📝 Study Log'!$C:$C,A14,'📝 Study Log'!$E:$E),0) | C14: =IFERROR(COUNTIF('📝 Study Log'!$C:$C,A14),0) | D14: =IFERROR(AVERAGEIF('📝 Study Log'!$C:$C,A14,'📝 Study Log'!$G:$G),"—") | E14: =IFERROR(TEXT(MAXIFS('📝 Study Log'!$A:$A,'📝 Study Log'!$C:$C,A14),"dd mmm"),"—") | F14: =IFERROR(COUNTIFS('📝 Study Log'!$C:$C,A14,'📝 Study Log'!$D:$D,"<>"),0) | G14: =IFERROR(ROUND(B14/40*100,1)&"%","0%") | H14: =IF(B14>=40,"✅ Done",IF(B14>=20,"🔥 Good",IF(B14>=10,"📖 Going","⚠️ Start!")))
A15: French | B15: =IFERROR(SUMIF('📝 Study Log'!$C:$C,A15,'📝 Study Log'!$E:$E),0) | C15: =IFERROR(COUNTIF('📝 Study Log'!$C:$C,A15),0) | D15: =IFERROR(AVERAGEIF('📝 Study Log'!$C:$C,A15,'📝 Study Log'!$G:$G),"—") | E15: =IFERROR(TEXT(MAXIFS('📝 Study Log'!$A:$A,'📝 Study Log'!$C:$C,A15),"dd mmm"),"—") | F15: =IFERROR(COUNTIFS('📝 Study Log'!$C:$C,A15,'📝 Study Log'!$D:$D,"<>"),0) | G15: =IFERROR(ROUND(B15/40*100,1)&"%","0%") | H15: =IF(B15>=40,"✅ Done",IF(B15>=20,"🔥 Good",IF(B15>=10,"📖 Going","⚠️ Start!")))
A16: TOTAL | B16: =SUM(B6:B15) | C16: =SUM(C6:C15)

Sheet 📝 Study Log
A1: 📝 DAILY STUDY LOG — fill in a row every time you study
A2: Date | B2: Day | C2: Subject | D2: Topic / What you covered | E2: Hours spent | F2: Notes / Questions | G2: Confidence (1–5)

Sheet 📅 Weekly Planner
A1: 📅 WEEKLY PLANNER — Plan ahead, tick off as you go
A3: WEEK 1 — 29 Mar to 04 Apr 2026
A4: Session | B4: Mon | C4: Tue | D4: Wed | E4: Thu | F4: Fri | G4: Sat | H4: Sun
A5: AM
A6: PM
A7: Eve
A9: WEEK 2 — 05 Apr to 11 Apr 2026
A10: Session | B10: Mon | C10: Tue | D10: Wed | E10: Thu | F10: Fri | G10: Sat | H10: Sun
A11: AM
A12: PM
A13: Eve
A15: WEEK 3 — 12 Apr to 18 Apr 2026
A16: Session | B16: Mon | C16: Tue | D16: Wed | E16: Thu | F16: Fri | G16: Sat | H16: Sun
A17: AM
A18: PM
A19: Eve
A21: WEEK 4 — 19 Apr to 25 Apr 2026
A22: Session | B22: Mon | C22: Tue | D22: Wed | E22: Thu | F22: Fri | G22: Sat | H22: Sun
A23: AM
A24: PM
A25: Eve
A27: WEEK 5 — 26 Apr to 02 May 2026
A28: Session | B28: Mon | C28: Tue | D28: Wed | E28: Thu | F28: Fri | G28: Sat | H28: Sun
A29: AM
A30: PM
A31: Eve
A33: WEEK 6 — 03 May to 06 May 2026
A34: Session | B34: Mon | C34: Tue | D34: Wed | E34: Thu | F34: Fri | G34: Sat | H34: Sun
A35: AM
A36: PM
A37: Eve

Sheet MAT Topics
A1: MATHS — Topic Checklist
A2: # | B2: Topic / Area | C2: 1st Pass ✓ | D2: 2nd Pass ✓ | E2: Confidence (1–5)
A3: 1 | B3: Number & Fractions
A4: 2 | B4: Algebra – Equations
A5: 3 | B5: Algebra – Graphs
A6: 4 | B6: Ratio & Proportion
A7: 5 | B7: Percentages
A8: 6 | B8: Statistics & Probability
A9: 7 | B9: Geometry – Angles
A10: 8 | B10: Geometry – Circles
A11: 9 | B11: Trigonometry
A12: 10 | B12: Vectors
A13: 11 | B13: Sequences
A14: 12 | B14: Transformations

Sheet ENG Topics
A1: ENGLISH LITERATURE — Topic Checklist
A2: # | B2: Topic / Area | C2: 1st Pass ✓ | D2: 2nd Pass ✓ | E2: Confidence (1–5)
A3: 1 | B3: Macbeth – Plot
A4: 2 | B4: Macbeth – Characters
A5: 3 | B5: Macbeth – Themes
A6: 4 | B6: A Christmas Carol – Plot
A7: 5 | B7: A Christmas Carol – Themes
A8: 6 | B8: Power & Conflict poems (x15)
A9: 7 | B9: Unseen poem technique
A10: 8 | B10: Essay structure & PEE
A11: 9 | B11: Quotation bank

Sheet ENG Topics1
A1: ENGLISH LANGUAGE — Topic Checklist
A2: # | B2: Topic / Area | C2: 1st Pass ✓ | D2: 2nd Pass ✓ | E2: Confidence (1–5)
A3: 1 | B3: Reading Q1 – Find & copy
A4: 2 | B4: Reading Q2 – Language analysis
A5: 3 | B5: Reading Q3 – Structure
A6: 4 | B6: Reading Q4 – Evaluate
A7: 5 | B7: Writing – Descriptive
A8: 6 | B8: Writing – Narrative
A9: 7 | B9: Writing – Persuasive/Argue
A10: 8 | B10: Spelling, punctuation & grammar

Sheet PHY Topics
A1: PHYSICS — Topic Checklist
A2: # | B2: Topic / Area | C2: 1st Pass ✓ | D2: 2nd Pass ✓ | E2: Confidence (1–5)
A3: 1 | B3: Forces & Motion
A4: 2 | B4: Energy
A5: 3 | B5: Waves
A6: 4 | B6: Electricity
A7: 5 | B7: Magnetism & Electromagnetism
A8: 6 | B8: Particle Model
A9: 7 | B9: Atomic Structure
A10: 8 | B10: Space (if applicable)
A11: 9 | B11: Required practicals

Sheet BIO Topics
A1: BIOLOGY — Topic Checklist
A2: # | B2: Topic / Area | C2: 1st Pass ✓ | D2: 2nd Pass ✓ | E2: Confidence (1–5)
A3: 1 | B3: Cell Biology
A4: 2 | B4: Organisation
A5: 3 | B5: Infection & Response
A6: 4 | B6: Bioenergetics
A7: 5 | B7: Homeostasis & Response
A8: 6 | B8: Inheritance & Variation
A9: 7 | B9: Ecology
A10: 8 | B10: Required practicals

Sheet CHE Topics
A1: CHEMISTRY — Topic Checklist
A2: # | B2: Topic / Area | C2: 1st Pass ✓ | D2: 2nd Pass ✓ | E2: Confidence (1–5)
A3: 1 | B3: Atomic Structure
A4: 2 | B4: Bonding
A5: 3 | B5: Quantitative Chemistry
A6: 4 | B6: Chemical Changes
A7: 5 | B7: Energy Changes
A8: 6 | B8: Rate & Equilibrium
A9: 7 | B9: Organic Chemistry
A10: 8 | B10: Chemical Analysis
A11: 9 | B11: Earth & Atmosphere
A12: 10 | B12: Required practicals

Sheet RS Topics
A1: RS — Topic Checklist
A2: # | B2: Topic / Area | C2: 1st Pass ✓ | D2: 2nd Pass ✓ | E2: Confidence (1–5)
A3: 1 | B3: Christian beliefs
A4: 2 | B4: Christian practices
A5: 3 | B5: Muslim beliefs
A6: 4 | B6: Muslim practices
A7: 5 | B7: Relationships & Families
A8: 6 | B8: Religion & Life
A9: 7 | B9: Crime & Punishment
A10: 8 | B10: Peace & Conflict

Sheet HIS Topics
A1: HISTORY — Topic Checklist
A2: # | B2: Topic / Area | C2: 1st Pass ✓ | D2: 2nd Pass ✓ | E2: Confidence (1–5)
A3: 1 | B3: Medicine Through Time – key turning points
A4: 2 | B4: Medicine Through Time – Western Front
A5: 3 | B5: Early Elizabethan England
A6: 4 | B6: Superpower Relations & Cold War
A7: 5 | B7: Source/Interpretation skills
A8: 6 | B8: Extended writing practice

Sheet LAT Topics
A1: LATIN — Topic Checklist
A2: # | B2: Topic / Area | C2: 1st Pass ✓ | D2: 2nd Pass ✓ | E2: Confidence (1–5)
A3: 1 | B3: Vocabulary (list 1–5)
A4: 2 | B4: Vocabulary (list 6–10)
A5: 3 | B5: Noun declensions
A6: 4 | B6: Verb conjugations
A7: 5 | B7: Pronouns & adjectives
A8: 6 | B8: Translation practice
A9: 7 | B9: Prose comprehension
A10: 8 | B10: Verse (if applicable)

Sheet FRE Topics
A1: FRENCH — Topic Checklist
A2: # | B2: Topic / Area | C2: 1st Pass ✓ | D2: 2nd Pass ✓ | E2: Confidence (1–5)
A3: 1 | B3: Identity & Culture
A4: 2 | B4: Local, National & Global areas
A5: 3 | B5: Current & Future Study / Employment
A6: 4 | B6: Listening skills
A7: 5 | B7: Reading skills
A8: 6 | B8: Writing – short tasks
A9: 7 | B9: Writing – long tasks
A10: 8 | B10: Speaking – conversation
A11: 9 | B11: Grammar review

Sheet 🚀 Countdown
A1: 🚀 EXAM COUNTDOWN
A3: Milestone | B3: Date
A4: Today | B4: 29 Mar 2026 | C4: 🗓️
A5: Half way | B5: 17 Apr 2026 | C5: ⚡
A6: 2 weeks left | B6: 22 Apr 2026 | C6: 🔥
A7: 1 week left | B7: 29 Apr 2026 | C7: 😤
A8: EXAM DAY | B8: 6 May 2026 | C8: 🎯
A11: Daily Motivation 💪
A12: "The secret of getting ahead is getting started."
A13: "Don't watch the clock; do what it does. Keep going."
A14: "You don't have to be great to start, but you have to start to be great."
A15: "Success is the sum of small efforts, repeated day in and day out."
A16: "Push yourself, because no one else is going to do it for you."
